sku,asin,rc_listing_id,title
B01NCJ9MGW
B08R5YRBFM
B0FR92GN8R
B09H5GLBHN
B01KZ25Y26
B0CDZJMZ6H
B0DGSXZRM8
B0CLNP12TF
B0H6SW34HJ
B000E28C8G
B0FRMJLBH6
B0H5BT329B
B077Q7HCQL
B0GWGFH82Y
B0CKZ1FPW4
B08DXLKJ3V
B008FNKRIO
B0CQKMXBJH
B08CXQ2SLS
B08PJR7GNT
B07JG5VSLR
B0CW38XL7M
B0DKJ3MG3Y
B0CDKMQQKD
B0DZXV468X
B07DWSRN9W
B0H1DBJD7H
B0BLNJ1V9X
B0FRFSV9J2
B09C5J71C4
B077Q3VWFK
B0871RQ4L4
B0CZRJGZX4
B0D9WFLW5R
B0GHN8DF4N
B0H1443R63
B004FEEQXY
B0CRKFSHCS
B0BFDGH3K6
B0FHHH84P9
B091D2TM45
B0F7X3R3TD
B0DF7BRXRJ
B004OHQUUY
B0BG2BJBVN
B0BDTSZG67
B078MZ7CKL
B0BZDW5DZY
B0CJ8VGNHV
B0DFCS7QNP
B0C714K768
B09XDX9818
B096QT4C9L
B09HY35DB7
B0D5HRXQR8
B0B7NS71G2
B0C2YYYGWW
B08KW4BZXQ
B0GC569BZ7
B0GWD1DG57
B0DHTXFTZL
B0006HOVNE
B0D3PSC77N
B0F1BS12VM
B0FHV9HPTB
B00FMQIMZ2
B0FQBTZ3W4
B0GWJ2PQ8L
B0CPTTQSF5
B0BZXWRG8N
B09MF7RBWS
B09WMQC244
B0CG9MFZYF
B0D2K4V762
B0BJPTVCRH
B07CF7WDHH
B0FD8RZ7ZT
B0FPVSJW7G
B0CNYLVNHC
B093D11SS1
B0GX2RZSKD
B0D75PSSKL
B0B1H9TYWJ
B07433S1W6
B0D14KVZHF
B0DLTLK8D7
B0FD3865XD
B0CRB6CMX6
B0DR36QKX6
B0BLNGFS82
B0F88JXBCV
B0BRNMY2DD
B0CJ8QMMB5
B0GM1GVJZ5
B0BJVNWN2G
B0DPHF28Z8
B0CXPMLXBZ
B077TF2L4D
B07KX4BWP2
B0B727TVDS
B07N1SX498
B0DT3Y8H52
B07CRXWVHJ
B09K3VWWHM
B0B9X9FPPH
B0DT5ZK8LB
B0C9XH1D5C
B0DHVJ9N37
B0G2KH8X66
B01M4JUOK6
B0F914446Y
B09WB1V3T5
B0BJ6KK47G
B07PJ11Z7J
B0BFCHGG7Q
B0C1P8H7PW
B0BKGBVX65
B08JYMH1CS
B0F1MXSN9K
B07QM4P54M
B099WFJV86
B00M5MMUZO
B0B4MXXSB7
B0GZRMXMLN
B07798ZHW6
B0CC2Q7YCF
B0FNCZBR5M
B0748H3GKN
B0D226JGDJ
B0C8584D6M
B0F672C5XZ
B0CG983LB2
B0FGMCKC2J
B0FHXJS983
B0F784XPB1
B07MB6P97L
B0DGGC3B1W
B09M6BLNQY
B0BL644N5S
B07NJ9RLCS
B0DRC6LG8N
B07ZQ2T3Q6
B0BGRC4J1Z
B0FDGC37SD
B0F98XKQ7S
B0865HQKXS
B00CHI35F0
B0F5W4P8QY
B0FH8ZJPLV
B07XY1Y78B
B0D5SVN9XG
B08HZ33PJL
B07C8LBZMH
B0D974MY95
B0DGQ5Y8K2
B07YJH96P3
B01KTV8H4K
B0DKXPYDZF
B0FT2DZ8KG
B0F5HYJMM7
B0CGDL5QCN
B0BY36WTNN
B0DHGC377D
B0F3JQJ7X1
B0DQNRKF8W
B013IASAFU
B009XD9JRK
B0BV5WQ4GV
B0DP49GRL8
B0BMG3FVZX
B0FGDLR8R6
B0CNH3XBJ3
B0DHZYPH6J
B091T88QDZ
B09L85K16S
B0GRQB4JVB
B07Y87YQPF
B097CKMCX3
B0C4GJ7MQ5
B08ZKPYWF8
B0DRNZDCB2
163774384X
B01CHYIU26
B0GWNK155C
B0FJ1KH9TP
B00JPBYWOU
B00I3PNFVK
B0FP49V33R
B0DP6PBJPT
B0G4R616FH
B0C2P3C6ST
B0CD2278YZ
B0DFB2XRGZ
B07ZDRHFZP
B0CHPGHJ4D
B0F4FYX2LG
B0F8MT6Y5Z
B0C7CXNPV4
B09WH46Q4Q
B0968N58M6
B0CZ6QRGBR
B0DD7WX96V
B0B938CZV1
B0DMFDQR54
B0DMN2VKST
B092DY6HCR
B0D67CTBC9
B0DGWBQN5H
B0FH1JVH5V
B08T2GTBGW
B094DCL7Z9
B0DR7SNTBG
B0CBRMJSMY
B0D965LJD9
B0DBQHWZY3
B0BFL3SQDB
B0D44PV57Q
B0CWQWVXBQ
B0CDPK7VKS
B0CH3VJSBV
B0DSQ2G369
B09418Y1TR
B0BQL8V1N5
B0DCVBYW2T
B0DRTM3ZY5
B0F7XGPFW7
B0CR178FVG
B0CGF7YYRN
B0F6VH37J7
B0DDCPTYJB
B0CR178FVQ
B0F113XYWH
B0H221GJQ4
000751414X
B0D66Z618B
B0CN6WZ6YJ
B0FJ1L4NWX
B07TLHFCYB
B098RR8CT2
B0DLKDJRZ3
B0FGNJ53T6
B01637948W
B0DP6P28T9
B0FFSKD3RY
B0B9JXTD77
B0GKDC522S
B07QD1PD2M
B0FNCGH7Z9
B0CC72DD14
B0115MS5WQ
B0DD7CX8GM
B08HYDWT9H
B01JCNF8X4
B0F65WXFZ1
B0CJJSXW95
B0BFHS2JXB
B0DSDM9B45
B0DRRJRWPF
B0H1VYHGFN
B09QYCFNKY
B097Q1C8HD
B01FRG9TRQ
B0C3YG5GNS
B0F5WDFD97
B0CNJK5TGT
B0BY36JDHM
B0FHVRG6W7
B0DTDL6SX1
B0H2TXSM4C
B0G2MWRQC5
B06WGXC9R2
B0CWNXVNYG
B003WJ6JH4
B0F98Z9FQR
B0BMFF2NNR
B0CK6VMN34
B0CRJRM6RV
B097RR5BBR
B0CLJJXK8C
B0C339YK8J
B0CSS7VQD8
B0G12J6XHZ
B01M0XUL9B
B07TMF8SH2
B0DHGBLX3V
B0DD7BPMY1
B0D4YNDS5T
B0F6CRHYJP
B0F9YX668T
B0CV35TNJ5
B0GZ2NKBW1
B0CXTGMX4W
B0CD21JMGJ
B09PZDXSLL
B0DDKY6D9S
B07G5HSVL8
B009BUDDHM
B0941VFXP9
B0FDB2W8YZ
B07NVCJ3ZY
B0DQ8TCSV8
1641528710
B08KZYBMY6
B08S4JDZ6Z
B0GZWL5381
B088BHZ7PT
B0H5B8QNXW
B0H1255LGD
B0BS46NFTL
B0H138FP94
B09JGSMHG8
B0CSK549SG
B0C1RSY7DC
B0DP6PDLT5
B0CHLM1W6J
B0DFC96TVM
B0F6B9KGMP
B0D3KP9LY5
B09CNPZ2Z8
B0C7BJV46S
B0D8PHBH18
B0BFZYCPMB
1943243972
B0F3CQ61HB
B085S3PND4
B0DZVK3RXR
B09TF1FQ5W
B0865Y2TW5
B0FXM5MJWF
B0CJ8P1MNW
B0BLNGNMHK
B0C595JCQX
B07C8GQK69
B0DDXWQT9T
B0FWKWZSZF
B0GXVYQHNT
B0FKMMXPGC
B0FPFN274Q
B07GNMWWN3
B0CNQ34P4V
B0CKTBWHTN
B0GWRVBF7C
B0DDKLT5F9
B085Z7WRPT
B0BL77BYJS
B0CFGQTNQN
B09497GN57
B0DXF9ZWVY
B0C2P49C3V
B07B9NC9WV
B0BXLM3DZF
B077BZ4CV6
B0FNCGQLN1
B08D6MX2CF
B0DCZCHPDR
B0GZFNCV6C
B0CP466G12
B07T4LDFH8
B0DDTB3WS8
B0DB6KL8WD
B07PY19KG8
B0C2P3FWT5
B0DDPXWGZ1
B0CNT9K1MD
B0CKZKWTW6
B0GW1HSY8T
B01LWZILWC
B0CJ8ZLCJN
B0FJ7DGS7C
B0BYSMCL5J
B01N3QLUN0
B0FJDD31M2
B092Q7PHQZ
B0GZSPGX4X
B0F933D98L
B0GZS7NZKH
B0F8VXBMCQ
B0CR99VHSD
B0GVDWRP9S
B0CGV346DH
B0FXG8QVFW
B0FWBFPMQS
B0BXN87HK4
B0CKZ6VR7L
B09BB1BF5S
B09418M4W6
B0H1WPZY13
B014TL44FM
B0H2S4C69R
B0D6MJ7TPW
B0F88LYTPC
B0DYV812NT
B0948RRYF9
B0DKGC5MW3
B0F1N23ZGP
B0B2R8BM1H
B0F5WNR8SD
B0FQ6RZZBB
B0FFP9X3FY
B08WPTZDGL
B0G6KC8MQY
B0CRH1M7NH
B0F8BVMV61
B0B7J8L9FD
B0FCXRRKR9
B077LPL15T
B07773S88N
B0DK6WXHGL
B0DY571CV8
B0DR33CN27
B0CJRXPG3G
B0BL6Z5Y82
B0GZR68T2P
B0DM76J4P9
B007P0LSUO
B01DWHP44Y
B0CKPKZTRN
B09WH6X2HK
B091SYQD4P
B0D81S558J
B0CMMBJHJB
B01B7LMS46
B0BKFMBGTT
B0FH9K3VKV
B0CBS29JFJ
B0DKY2FXWQ
B00HZFFEPY
B0D4DXYC1Q
B073CBGQYW
B00Z7O6YI6
B0BL3MM2D5
B078WX336W
B08N2HF5YH
B0DG58VP8X
B0C6M5NFTM
B0CCDYQBW7
B00CAUTK0E
B0GWJ11Y4F
B0B4KPMMR4
B0FP1HQJ72
B0FYMRVMP2
B0DMP8F4C7
B0DM74GKJW
B0FT41DCFK
B000BZ93HK
B0D8V46X5V
B0DJD7RF4S
B09XCXZZ3Z
B0FNCJYV8F
B0CT52JBRQ
B0CFJ4FW2N
B0F4BDV532
B07NWJ8HJH
B0GGGHMMLJ
B0DDPXZS8T
B0D4LVFBWV
B077PWJ6J9
B001AQZ4DQ
B0013NG07U
B0CNSL32NL
B08H1N1WZB
B0CYG12KVP
B0DR27JVGP
B000FBSZGU
B0H28YPDKB
B0F3CM9PRC
B0F9Y1153J
B09BF1FTPW
B0G5YFPN86
B01FI41GWI
B0FBWJDHFW
B0DT9J1QVP
B09J4RTPGD
B0DBFF8XMQ
B0GWSWXJFX
B0C2P4MNHS
B08FKW9JRM
B08X6CPFNR
B07DT948M5
B08578YM7L
B0CDWDN9JJ
B0CZHV81KG
B0G4PJTSYD
B0C6M4RPGW
B0DRBG7ND3
B0DM87YY9T
B0BJNQW2KV
B0FBJD6RLS
B09WW3WKDQ
B0DHLSTF54
B0DZXJ9VPB
B0CJK3M45Z
B0CF1RZZ7V
B0GRT6DKNM
B0GZQSB24K
B01481QSNO
B0F2FTH45H
B073GHJXQ8
B0C2P44X3G
B09541K2SF
B0GZTMCMTM
B09NLP5MYV
B0BCK5J129
B004HSQSLG
B0DMK14GRG
B0CLNQD6B8
B0GJ4F7QZV
B0DH6KSXFS
B0FYC4G2F8
B09P89T4JM
B0D93WHV3Y
B001UKUZCM
B00DZJIMTY
B0B34HTNTP
B0CK6TD1QV
B01M75GUJB
B0CX57PQ2X
B0CK6V55J1
B00G2WGKQS
B07TLMDCDT
B0FV2PQQDX
B0CMTNDBJM
B0DDBS1S1W
B09HKDNB4G
B0FPWD2692
B00QFS2UQI
B0BJPH4X3J
B0BR8F6HLQ
B0D9JGGSHM
B0DXF9QFW3
B0GWQSPDHG
B0BJ814LPB
B0BDS2823L
B0CGZXH7GC
B0748CJY23
B0CF4MDCMY
B09417KMK7
B07H71ZQ23
B0H29VX3CQ
B0B28M5V8N
B0BNKL58RQ
B0C2P4KGZM
B0GJJPYPQZ
B0DK3HT8TP
B0GT468YGT
B0DPJVVKVZ
B0CWCWM8SN
B0DTTRDKDV
B0FGXLHHVX
B00CJODTQC
B0D6KTT78V
B0F89VHHBG
B01N52J4CU
B08MX6FCDP
B07MZB5P7X
B0CQNX8LCY
B0995CTB2V
B0D96TLXPB
B0H291MS7V
B0GXZTM1QG
B0C333GVJ6
B0B6H9NRXV
B0BN56Y5QH
B0DF7BNFBD
B08R5JKZ33
B0CT5NRHVX
B0H13FLYKN
B0F8BTJ45X
B07KX316JV
B08HZ4T2H7
B0BT16R7R8
B0BZPKX6MS
B0BHKN8WKD
B0FGDCYFWV
B0C1V9GGXT
B0GGF3ZX7N
B07DDRY4DT
B0BZC4FV4K
B0F7RGWG3C
B09QFRNP86
B0FRN4YP36
B0BZPBBMMD
B0H4RGWNRN
B0C7V5H148
B0DMMFZDZD
B0DV6NQ8TS
B0DJVH24D7
B0CMJFVFGL
B0DLNVPM1V
B0BLNHFFYW
B0040F8ULC
B0BZH6DYKW
B000CSGXDI
B00663796S
B00J61A4EQ
B0B7R8MTLT
B0BZR9XQ9P
B0GZWBZ3BB
B0CQ23NZL5
B0DPF734PC
B0GGTD3KKT
B0D86WSQY2
B0D4TRGZ9J
B0G1ZLJWM5
B0GF2LK49Y
B0B17G5SN7
B0GCGH6BFR
B0CF4MS8FM
B08BJVHXB1
B0F5PJDPVC
B0DHCWWR5V
B0CQM9XQMZ
B0F2MW7Z47
B0C2PDN155
B0DPDW29DB
B0DX9FJPH2
B0F29ZJRTW
B08NNXBGT6
B01F74MP3S
B0GZK61G1Y
B0DJSK99LJ
B0D5CZTYZN
B0H6SS6S1P
B07PZZS5QD
B001NAQTYC
B07S1Z1MTW
B09798CF3Z
B0CPZ87DCY
B0F3NWGS58
B086XH3RY9
B0B68JSPXT
B0FGXJ32C7
B0GXB4JXNM
B0H19WKHZ4
B09WH1H299
B0BG2BNKQ5
B0GWXTTYBD
B0FNCJFMNG
B0DJ7Q28ZQ
B097RGRZKX
B0GSFBXNKK
B08GFBCCX6
B0DJMZTS72
B0F2FLPLNH
B0GF2H7BQR
B0D9GNQ6VH
B0CMN2Z9PF
B0BYH64WW4
B0F6C75VXY
B0FYCLSNRQ
B0BY36P9P7
B095MNZJVN
B01N3ZNV5G
B09RJRJQTP
B08P8TNZJ3
B0CLFZ3P7P
B0D8VKC7LP
B0BZH6CQ95
B0DSWN24D9
B0DZ5SJKK6
B0FHWLV51B
B0DTTY92ZT
B0GF2MJ9QX
B0CSFZCY4C
B0BV66LGYM
B0FRFKLCM7
B07DSSLD5R
B0C5XBP9NZ
B07K9VNXMS
B0BZDSNQYQ
B0D4D57MDX
B0BG29T3M8
B0FSKHTWDZ
B0CJJCQCVN
B0CJBWX2TD
B0FPVZJNNR
B0F87WTCPP
B0FR9H812M
B0DKQ2RWJ4
B0D2W9JSLV
B0BDTRG8KW
B0DVLKYLJY
B08MF17WL3
B0DN5GB8LW
B0DGSRW362
B0CQVQGL2M
B0D8KX13XT
B0CVWYCPM4
B0GZPZKJSB
B0BCHXQLQ7
B0FQPB24DK
B09PLM7RM8
B0DLKDY3YW
B0FQ3K137J
B0B56J8WS7
B0CJRX6C7Z
B0FGXL7C1L
B0FPVTD7LL
B0GZGM2FTH
B017CTIOQI
B0818LMN2Y
B0FFMTPC8Z
B086J9WWX1
B0C33CKL6S
B0FS21LSLY
B08C4YRS9F
B0DXF9Y2B6
B0B2JMSXVR
B0H2VHG3QC
B01JBO58FM
B01MYMW5BB
B0F82X3N9W
B0DPMXPV55
B07Q3L1M1C
B0FGCL5Z8M
B07ZWSSCSZ
B01MQJ57KG
B0BFCK29CZ
B0FGMN6V3V
B0F6B521WM
B0DFX45765
B00TB8XQM6
B0DQD5KHDQ
B0FFBN8ZVS
B0B9ZX3KLG
B0F4R1X1RF
B072KHFDLD
B09MYMYSZK
B0DXF975XT
B0C5RRTN34
B0BXN9C5HX
B093B56LV1
B0GF2MGYPX
B0FN39L4MG
B09FDKDYNX
B07GFLBY1R
B0C6MYHS3B
B01MA4ULZO
B0FY6G6HQG
B0D8VN43JP
B076VNTCN5
B0H5BJQG51
B0FW3PPZPS
B0CS41KM6Y
B0DL9M1PH8
B07DJC98B2
B07H2Y1RKX
B08WWKRFM8
B0DDTDZW2X
B0BDTTDHDK
B0CQKB5MYW
B0FX24HTJF
B09KVH2K9Q
1462524494
B00RXT9M9G
B082CY1KJ8
B0F1Y4D7QL
B0C3H9H684
B0BPRWD16F
B0B5L59YWF
B0F88J2YXL
B0D9NVHSLB
B0GWRYYM19
B079QJZSYW
B0D7BQPLPP
B0DLFJCTH4
B01AT6P66C
B0CR8YHYBS
B07KRFYLPK
B0BXPKG9FK
B09WB1P4SY
B07X3QRJ4H
B0F7R569CR
B0GHT5CZBL
B0BG84SBWC
B000LY0XWU
B0FF26ZD8J
B0FJ8K4VKG
B08C9K38M7
B0BDF3GYQ5
B0DYJSB66Q
B0GVYJ65CC
B0F4X23G6Q
B0DLNYSTPS
B0CT8MH8WZ
B09MLDBDWV
B085S1GTHL
B079Z1HK4V
B07SZ41R4M
B0FJX1DX69
B0FLYCG39W
B0FL77GD77
B077YFNN77
B08NNQR7RY
B0D9D8WV4X
B0BP689KM8
B0GHY28FT8
B0F3D33C5N
B0FX3ZRP6J
B09SQGVKQ8
B09539JJ1D
B0GJGDBWT2
B0DHRDJGN1
B0F6NPCNMQ
B0BCZ48XLW
B00L9X6BXC
B0F9YC4H2K
B0C1NKN62Z
B0DS5WZGKB
B0GPL8J3CP
B0DVCCFPZH
B0GGQQ2P2D
B0BBVKLCHZ
B0FGMFPJLW
B0FNW2JPJT
B00F9R94F6
B01LW602ZA
B0FFNBYZFV
B0D149K3NZ
B0H1WKMY6B
B0BZBW4F9W
B0F88K4HBK
B0GVZ863SL
B0D93DPP9M
B0BZCHHY9R
B09MD2JYKB
B0D53MCDN5
B0F2FR28GQ
B0BLNHFYHY
B0BTLZK1NV
B0FLT69KV9
B0GXD3Y5RM
B0H1C5ZYKG
B0FYC7R4TB
B0G44SF8F9
B0C7SG5KBM
B0H14P53LZ
B08MPWSBRR
B0BZRXC23S
B09Y69QSF2
B0FN7TKXRB
B0GZCLTM3K
B09ZHVG3WD
B0FPWMMV52
B08B43ZBTW
B07MX7Y5BN
B0BR8C4XKF
B0FCF94XHM
B0DN5WG47G
B0CWH83HNM
B0GVP96GNK
B0F28M1HG1
B0H1B8CHSY
B0CQCFD18Z
B0BXSDSYZS
B0F9WXS81H
B0DZMM8JZH
B0062Z0S3G
B001DRP9G4
B087V7G6XC
B0DR7XKPDG
B0FCS14CV4
B0FNMHC7XX
B0FRXVTK3S
B0948SNWHH
B0BLNK5D71
B0CP27PTQ8
B0002AS5QY
B0FVY2J39H
B0F59CC6FC
B08FDKCXBB
B077DR3P2H
B0F2FT223F
B0D86HG33C
B0CKZDMVND
B00C45HMBY
B0CYXWXMVG
B0H1WLLPLP
B0CF4N4ZKJ
B0CJ91HZ55
B0GXJMYLS7
B0GD18S6F9
B0D2KBDRHS
B0FPW7PKF9
B0D75JGF3Y
B0CPKXXLRS
B000ULGJBI
B0GVPN13KX
B0H19768CL
B0F8PW7YXN
B0D52NB6RS
B071F84FP3
B0F26DZ4CG
B0GYS1V3JJ
B0FGXLYHX7
B0F4CZ2GRQ
B0DMFK3Q5B
B0GWY5J4HZ
B09SQDLFG1
B08JP31XQC
B0C6M4CFPZ
B0GXV2D795
B0C1GFLT7Q
B0FDKQPJ3K
B0BXVZMDX8
B071SDY2YV
B0CJRXB56M
B08H99H48C
B0F6SY6KRB
B0H1343HW3
B003H05L3Q
B0B7NSZTHX
B0F5W7PBDD
B0DLSFRYDY
B0C2P5NT9W
B07DWB4291
B09NWC3NBG
B0DKTBG8P7
B0DHCHTFZZ
B0FF44M74L
B0FFGNGZ4Q
B00KY0L7X0
B0F2YPR3KK
B08YYN23Z5
B07Q17PMW2
B0GXJN18WG
B0H29GDBML
B000BRTADK
B0G15FHXZL
B0CCSPWLGP
B0GZ529PPH
B0BJZXS1RM
B0CJ8PF6FG
B0D9Q6NLYJ
B0C1B42R4F
B0C492FG1T
B0GWZNYHLX
B098PB99HC
B08QHZXJWC
B0D9D1QV6F
B0C33CGC9X
B01CZC77TW
B0FYWZQNS8
B0D9DM8R4L
B0DV4TR42B
B0FC5K73L5
B0DZ5CP293
B0DQ54YKH9
038538369X
B093V9PWKC
B0BDRZQ1Y3
B0CH9KD5VD
B0CT94BW2Z
B0BL79SZWH
B0DKHG5GD3
B08F2PL6BN
B07CTDBYG5
B0GZR4HGZ7
B0DSVSKQ8F
B07DVHJ1ZJ
B0DP6P5PDT
B09NRSZCFX
B08S3NJJLR
B0D25MQSRR
B0DJLJS74Z
B0CPYJYVC9
B0CNTTGY61
B0DWH9ZGSB
B0DRF13Q7M
B0F62M4LK9
B0GYQK7NZY
B01CZC744K
B0G6KMJ3JP
B01ID3TEZ2
B0D9P51Y6Z
B0BYJ4PN57
B07BRQ9N6H
B0F5W1M52L
B08SK1ZYY9
B0CPSGK2LM
B07KLJLQWR
B01MQH2ZE5
B0H163HWHW
B0DXVNXW45
B0C2P5452D
B0BDRYP894
B09SGNL5LS
B0GX1CS3FN
B0CXJ36CNJ
B0DTP37NRK
B07KDM1N37
B019IPZSHM
B01N6FXP2P
B0CP5T6J8Q
B0F9XYYSPZ
1640607587
B0FWYVK234
B094HN5BWP
B0CRY7XZB9
B0C1LB5QYC
174376829X
B0D331X1VY
B0CBT3PCQP
B09VT7FBZY
B0F8BYRNPG
B0D7ZPTGJX
B0H6STZMY6
B0G643D6CB
B0GNWSQ2RP
B06ZYLYL9W
B0GF2VN6WP
B07XKVC7B4
1761471597
B0B8PGPB5T
B0CS12N83T
B0G4R7NL6C
B0D13C8SR7
B07YFXHJYM
B0F2FVL6J5
B0DJ8NHKLP
B0F6TYSL8T
B096RWCQYF
B0FJ5Y68JC
B0FYCJ2PYG
B0F9YGTRKZ
B08LD6GTFB
B0FBR8D8DT
B000KTCQ6M
B0CQ2M3DXP
B086F5GCCT
B0F8BW5Z1F
B0FNCJHYPV
B0BB2JNPJ2
B0F1662RKK
B0BNBFXYPZ
B097YKF5X2
B09ZTSK523
B09KZ5V59J
B0002DHN6Y
B0FJFRJTR1
B0D2BMSRK9
B0FD3CGCX1
B0CT54TSVB
B0F3NYDJHT
B00AO6F7CQ
B0C3ZLDGG2
B09XX2TMVC
B0CCZY2N9V
B082X6X5KX
B0D175SN6J
B096LZHG8B
B09ZY9R6M8
B0GWM9WM8S
B0CF17ZVWS
B0F6THWB7K
B0C6KGW28B
B0DJSWZW3G
B08SCPJ32B
B0DT48V2YQ
B08PXXHBDX
B0GXF16M2L
B0CJRXPGVL
B0FYC63T9P
B0CLTRH192
B0DLT54GHT
B0CJQVY33D
B0F66WMKPP
B0D1124QX9
B0GGR4P9KP
B0GQC93CNX
B0CTXNFYHV
B0FLHD83VD
B075WSX6BW
B0BG8GJ4CS
B0DDHKBTBP
B0CP7MVXL1
B0CQ4VZ8QL
B01CSIDT9U
B0DM7C8C3Q
B09F2FCWBW
B0FD3NVT9B
B082NTLWSP
B0FWJ9KZ8K
B0F88K8GWP
B0FKMZGQK2
B0C8BKHNT4
B0BJNN7BK5
B0DP2B7J75
B0CYLBPQPP
B0FGDK7R7X
B0DTH8YH36
B098WVDZY5
B0D9CWM57C
B00L24VENU
B0CM4H1J8X
B0F1TMMSB7
B0DHQ9T6CT
B0779BSBY9
B013G2VIHC
B0GZSNRTLH
B0B6HDSSNB
B06X1DXWKL
B0FQ5LGBPY
B07YNG2L67
B088KMT23W
B006MHEAUQ
B0DV58J34L
B0CP8WLCV9
B0C7CQ47FM
B0GDFFWLMC
B0GXH5ZQJV
B0GWN3R5RM
B0GWTGK5R1
B0G77KX68B
B0GQPJRH5N
B0DJSR3FB5
B0DTSK3FKJ
B0FMCDNNBX
B0GWNP2NLH
B008DOEREA
B0C9M4SGCZ
B0DFTGB4W7
B0DKNNLTS6
B0CJBWCSHJ
B0CXSNKX1J
B0DLW82C77
B0CQ72L75G
B0D33336ZJ
B0FH4K1WP5
B07KR93QSQ
B0F6T49ZGY
B0CNJWB7TB
B0GZQWX8Q1
B0CKKQH1FC
B0CDKQ2CNN
B0BNV7BMN2
B0FD45BV6H
B0CHF6L7MM
B00029J5DM
B0D8LFCW6Z
B07YYK13LF
B01AS5QC1C
B0DW7RK7MQ
B0CL3JDQDS
B0F6T2QPM9
B0GZD1SWS6
B0CBS365JJ
B0CCV2G9DF
B0GYR6W9XM
B004FGB7W0
B0C8HTF693
B0FDKC2512
B0CH2CRZDT
B0CB2M86SL
B0CN5DL9ZC
B0GXW8DC2Y
B0FDKQKDR6
B0BGM1DS93
B0BG2F3V8L
B0FD8FDRJD
B0D4R19LQZ
B09WB12T3L
B0786P5MYC
B0F66VZGKV
B0H7BF7L1D
B092QDN4T7
B0DVQWXTS5
B0GKGD7KYP
B0F5WFJ6KH
B0FR4S44K4
B0F9PBL5RS
B0D834N4FJ
B0H6FDQXV9
B0H1PXWRYM
B0CB7X85BF
B0BPHSV2Y4
B0FGXH2H41
B0DY1GS6L2
B0DRFRGXPL
B0BWXTDGY3
B006WZLA8I
B0GF2M99T6
B0GWM4FGL5
B0GSFHN741
B0FPVX6K8S
B0H2SSK6LY
B07Q6ML96Y
B0DJ2J3W9V
B0C4YQ9G7X
B0F1Y4NBV1
B0DF1WWBY6
B0FQC26BMN
B0D6W54ZGK
B0F3DJNZ9W
B0CTMM5HCB
B094W3JB4W
B0DZXLHQQL
B0F18FQSTC
B0F2FTRT1D
B08JMBZRWN
B0GKNPKVK7
B09LVG86KN
B07ZHY4LCN
B0H1BQHX77
B00Q4ZSUUW
B0FPMD4R14
B0DBYCD6SM
B0DHLPBNKV
B0H1WVZ62P
B0FLF3RDV6
B000B9UGJU
B0C498VM47
B0DJ46KHZX
B09STB7MM5
B0BG81CP32
B0B58SSS2N
B07B87PMKD
B0CL4W56TG
B0GZ8DTBZR
B0GWLYYVXL
B0H1X5HYYS
B079MLT3XJ
B09FDQY6F2
B08P5MKTQH
B0BGKGQ846
B0FZK4RYZ9
B0CQGB74KP
B00YSL4WHO
B07PVYRMH2
B0BL63W478
B0044TM5XS
B0FB2XFBBW
B0DDBV1BJX
B0BY29N39R
B0C3QPSQ6F
B0C2P3ZBGH
B0F5PPQXPW
B0CYXB1VYF
B0DFM25K3T
B0F98XMDVD
B0CT5JBXWP
B0CXY2S29X
B0CLNPTL7N
B0G1XTXB1W
B0CLMGBDMK
B0DB8DH8QX
B072HPWW1X
B0FYC28LGN
B07KX48DD6
B0D7GW9WM2
B0CBVRDS86
B0GNJY7DVN
B0D4YW8GZH
B001O2ZZEY
B0CQQHZM5K
B0DS6JF36W
B0FYCV2XDH
B0DS1GF1BN
B0F92BPG7F
B0CV6TLH84
B0CMTPJPK1
B06XD8WXB4
B0BNTSR7R2
B0F1MYPVZM
B0FGMRLYN6
B01JO4MV18
B09ZTM1VY1
B005MYWHKK
B09416XM5C
B0C2TZS7SG
B0FSK7L44T
B0FJ1M7DMG
B0D59T4W54
B0G42SCRP6
B088BC7864
B07G32GQ9H
B0H2D7C62Z
B0BW5XB266
B0CJRY56XL
B08TM8KTKW
B0BDTX989N
B0BLNJ8TNN
B0FM75QPDZ
B0DQ28MPSS
B0DFGRG1XF
B0DLNXM8PR
B0C7L6LG66
B0CLTR5SM4
B0CPHRLQCS
B0GF2NP68F
B087H79LQG
B0BNL75V9K
B0F23C9DMX
B0G5Y9W3WW
B0CYPTZYZH
B0FZK49Y6T
B0DPJ9486S
B0DF7BQJRX
B000CSD42Q
B0CG1PBZLD
B0BNG2S2YC
B0CJ8V32L4
B0DZGV51X7
B07SMF61TN
B096VKNN4J
B083C467L4
B0C33CBS3N
B0BDTTMNQ8
B0DPHYNH5Y
B077P2S37V
B0FGMS6LYQ
B0FHTKHQ8Q
B0C2P3PVXH
B0BQLHYC16
B0FG2YT8F2
B07XPK1SD1
B08ZC9H7R9
B0DNMMFQYB
B0FYCB5P15
B0D6RFBD94
B0BDS21666
B0DPJSD4LY
B0FGN279B9
B0BGQQZ9SB
B0DRCB2C9T
B0DF7C3HZ4
B0B2PKPF2H
B0GWMFYFJ7
B0D4YN5JJ2
B0GJKG7Z98
B0D7VW6BK5
B0FBM4Y7RK
B0DF78V1S4
B0CQKNG2XB
B0H1WV621Q
B086PP1SQ6
B0BDTW8HJ3
B0DLT2M154
B00TSCGN20
B07RX65CXC
B0FNCH94SZ
B0CQKLXMST
B0DJKLB765
B0FHKH933L
B0GTZF3CGC
B08S3N328D
B0CK6VNVVH
B0044XKY82
B0D1P6KB15
B09ZCQG8F7
B0DR49DTVG
B0DK2T4Q6S
B01GK6W7OO
B0BCDYM41N
B0B9J2JWG1
B0C55FPBT5
B0DLFPVRTK
B09H6JWXXK
B0CMTQC2N2
B0DNF8HMSK
B0DBMW7FWX
B08S3TY1HV
B07DLRJJMR
B0DP4HJBCH
B07Z3HPP59
B07W8WHMBR
B01N7UERGX
B07XH157GY
B0FHVWC7WJ
B0F5HCRCJY
B0FZHBFK9R
B0DKFXZS2N
B08S39JQ3G
B07SG28545
B0D1TM9WXT
B0F6CCN4YW
B0FNCDXPL8
B08H82SR2R
B0CX24QK8F
B01DS7964W
B07YYJL21Z
B0CBS2YR1H
B0F2FS5SF5
B0CLRNB229
B0DFTHF55Q
B0BJNLKLJQ
B0GF2K7DSQ
B0166U4PVC
B0FGM31VSW
B0040F8U08
B0DDNNJSBX
B0FYD2QSXM
B08P8V5ND4
B0C6M49HM6
B0BYJ73T1X
B0FGMFPPHD
B0DJNWCTRT
B0CBRZWF8H
B0BYVKKGZT
B0F832D5RN
B0CBS2YPC3
B09418D328
B00O7P0ZM2
B0CBVVQKKQ
B0H143KRPR
B0GRFF5R7C
B0C33CNYKT
B0CP53FTRR
B0FGXJSGSB
B0DZXLY4HH
B08R71KG2J
B0F8V6NPK1
B08BCFQNBH
B0C7KDL41P
B000AM229A
B0CZWS347D
B094173343
B0BLNGX42M
B0H1WWKSM5
B0F9XZMWTB
B0D264RKKZ
B0CP3TDQT3
B0FY5H389S
B0B6DHCSW7
B0F2FT1C9F
B002G3B7TM
B07T842SL6
B0CVS9YB5C
B01N411GZH
B0FWRJ38HK
B0DS6LM91G
B0F2FTCQSS
B0CPSH5VJC
B08LZ6DRV9
B0DF78BRLM
B0FPWGDW59
B0F4L89TQ6
B0C1G9MG54
B0CBS1MZLL
B0DCT9NZL4
B0H1X5BYD1
B0F8BVPFH2
B0DF7CQLNV
B0C2P3WFF9
B0CT3NCBFG
B0BTM3MVPX
B002G3MITU
B0DZ5SMT6T
B09VT8BTH2
B0CMD7MTGC
B0CJRXTZ8K
B0DRC4MVRZ
B00WM6BXVA
B0G44TQZG5
B081PFVLDN
B0FXKLP8XX
B0F8BWG7FW
B001D33IQQ
B0CJ92FSTW
B08YF7PB14
B0DBV77S1M
B0B4VMK9KH
B0948SXCWK
B0CF4J844S
B077K69STS
B01EZ0X55C
B0FFS53YJS
B0BVKVS2S2
B000FBWSRW
B0CT5L1DRD
B08JY8ZPB5
B00280MUXA
B0G42M9CZG
B0CWTQJV7Q
B0DHG4GZ9Y
B08P1NFL8Z
B0FPVTQMQ6
B0H1WJ98ST
B09Y8MPMSZ
B0GQ3VZS81
B0D4YGWTG3
B0F2FTBW2F
B0DKJ8FF5X
B09XF16NP1
B0DS6GPKZR
B0DL9XLMGH
B0BJVDM571
B0BYJ1KSLN
B094HNFX43
B0FYCCBV3Q
B0GG72KVM4
B0FNCGMVR3
B0BJNZ9Y5S
B0DV6SSRR4
B0CY97DYBL
B0DRJ8TQPX
B0FYD2GNTH
B0B7NSTFLD
B07VHQL28C
B0F8ZSCX56
B096VLM7ZM
B0BKWRS7CW
B0B45G45Y3
B0F2FLM8DQ
B0BRQ6DKWW
B0FD2MJ64B
B0BSP1PKP6
B091V15RHZ
B09QGYWJQK
B0CBS1B234
B09WH63L3N
B0DLT4QZJX
B0C2P5C3K3
B0C23PD94F
B0CT59XBHN
B001CA2CY4
B0B7DX97G1
B0C89SPMGM
B0DMS23LG6
B0DBQ7SW2H
B0C65BDYH7
B0DD38FC2F
B0BBL8VH4X
B0DSHQS78Y
B0BL6HM6ZT
B0F8BXBG8Z
B01M5CDP03
B0B6F5L389
B0F5HXRSSJ
B0BLNGLVH8
B0CGRFL8Z1
B0D6Z8LQFJ
B087K3NNN9
B0DF7DNLDN
B0F6JQNX25
B0C2P1JW8Z
B07KFCBNS2
B0DR39NW4H
B0FG7CZ8PV
B07JZJLC5B
B0FPVBTXDQ
B071JYJCRV
B0F8VKC9R6
B0DXF724F1
B0DJ1NV3YL
B0CLRQT5TJ
B0FWRLG2KW
B0F8RFBQ4W
B0FJQPQRGP
B0BZRC4F2P
B0CQQK39FH
B01JO4MV3Q
B0C6M7B3N7
B0H7BD4YGG
B0CT8KTJJB
B002G3G0Y4
B000Y8HI1C
B09MK82VY6
B0FL72QKTQ
B0D8P19VBC
B0B65FQJXG
B0C2P55957
B0F2GVVVWS
B0CLNNL1XD
B0CC99CG9Y
B0FJ7DB4TK
B0CW9TBVZF
B0C7L53263
B01M2799RI
B0GXW5TJQ1
B08WQ1G7XM
B003Z2R698
B0H6SZ3JG4
B0BLHLPP3T
B0DLW6QWN7
B0DJ2XSGGL
B0CF4N2DV2
B0CJRYCT1T
B0C7CSJ7PG
B0CW3DDP89
B0CG5Q48N8
B0DZ5V7CZ2
B07ZFMDPYV
B0FZRTPXYF
B0DJTJBXJ9
B00MIDFQTC
B09ZY9484Y
B0CLRLQNFN
B08K7995XP
B0BN83TNSD
B0CJ92HPWJ
B0CBJ1Z1DL
1804192007
B0D8K4RD2C
B0C7CQQ729
B0GSDZZVHH
B0DWLVCHHS
B0D4YL17VD
B0CRNDGX6X
B094HN6RP6
B0BL79VKCB
B0CPSH8T4L
B0G6JXKXCP
B0F2FS3SCP
B0CN13P3YV
B08Z435X72
B098XPRP1Z
B0C42VYB4M
B0CNZC951Q
B07JNTZ9NG
B07YFYPP71
B07PQS6SDD
B0B8NCSQFH
B01N9CDI55
B0F8BTZ16V
B0GVDV944V
B0F8BTZKZR
B0CB3P9RV3
B0CYWZM8ZY
B0F221SNDC
B0BYNDQT5R
B0D117ZWFD
B094HLKF4W
B0G1LN4B19
B01E3RTTHU
B0BGQ5J853
B0BN83XNZ8
B0F6C6FXR1
B0DL5CLFBD
B0F7XTJ989
B0DWSR2GP3
B0B61BT9G5
B0FGXQ3TQN
B0G42XPCCW
B0CF4NMVF2
B0DDNZZ3LP
B0B9J39X2T
B0CCDX7FTH
B0FDQF53MQ
B0CTT1DNPS
B000BZGKCG
B0FBM556S7
B0BMG13F6N
B0F8BZD95X
1032556269
B013X9F1JY
B09PVFGY3F
1917366663
B0DB23T6RG
B093Q1JCL3
B0CBS3PZVR
B0BL23ZDVP
B0GBW9JSC8
B0CXQ1KKV1
B0BDTV7HF3
B0GWH6W7DY
B0818LVP8W
B0GXB2Q7T8
B0C9CRJBB7
B0D8NW6989
B09WH3YMD9
B00475BI7S
B08K94QVNX
B0FMCSQZ83
B0DPHHGL5S
B0D4YP8CFL
B0F1K5MYK8
B0FMRXBCDG
B0DJQVPR1S
B08MT99QLG
B0FNCJT8CW
B0DJY9YY16
B08NTWFSDR
B00WH2NIOO
B0C7CQHG12
B0GK7ZNXQ8
B0DVZ5MCFQ
B0F8BWCGJ8
B0GXVZX9NH
B0CJQVVD2L
B0CSDYFFM5
B0046AYBC8
B0DB39KP52
B0CMTNDY7C
B0DDXTJ8FJ
B0CW9YNXKN
B0BHYRNLDD
B00LSFXVZ2
B0CJRYLDTG
B0C1B5G8PN
B0FSRCDJ6H
B0BHYCTSDJ
B07ZSZVNTZ
B07DW9KQTP
B0BHP85LFH
B0CP45Q1LQ
B0BBQM118M
B01EZ0X3L8
B0DSVGKYNQ
B08ZLMLYBM
B00WH2NIJO
B0F9Y2G38Q
B0BDS199C2
B0FFN1ZJZH
B0GHHPBZHQ
B0CTSX6NNP
B0DTTCTQ4F
B0CJ25QN6L
B08S2Z9VH6
B07KP7Y9K7
B0FF3H2LB7
B0GWHWJHNG
B0DH56VNHR
B0DR4KP15X
B0BYVLN81L
B0CP71J5GG
B0F9L2C5N5
B0BKG7DJ2S
B0CT5K1B7V
B0BV5X9MR3
B08NTWZMWG
B0DS6J2B2L
B07KRJ5D8J
B09Y82DKBX
B000BYB2TS
B002M78RAY
B0FD7JXH85
B08J2DN6HC
B0H1WRXXG1
B0C2P4669Y
B0F1ZW1RV1
B07R482ZPD
B09LM3ZP96
B0FRMWXD6F
B0DF7BJHGB
B0DKSSVRRB
B0B6BB4TVC
B086XHNN47
B0FGXLDZN1
B0CM43B8LH
B07PRFQ655
B06ZYTWCPP
B0F9S8RHHZ
B01B7LMUG2
B0H45RRSYM
B0BLNGJ5ZC
B0FFS778V6
B01B7LMPF8
B0H5BLV8JG
B0D6Z8C9VB
B07YQPNJCV
B09418N5L6
B0BL6Y1RTN
B0FM4JSDL8
B07X95YS4T
B0FGYBC34W
B0F867T8XH
B09J22FP81
B0743NMYXD
B0DTQCT21M
B084MMC2N9
B0F5X5NYW3
B000WEMGM4
B08JPPMM4F
B07PFVL54N
B0BLNHWWLJ
B0BJNWG43V
B0GF2X2PXG
B0DHS7MNHB
B08ZY7XZRY
B00N9ZFPBC
B0BDTRQ4J5
B004S258GW
B0DRCFHWLX
B0DV4FLR52
B0DTRN6TJB
B0FNCH76BG
B0DJ7M8Z13
B0BJPBR49H
B0F2GCHCS7
B0GXWCBR71
B0FYC5Z1MX
B00LSFY1OC
B0DLT4ZKFY
B0FFGJWWXX
B0BFVVYBDN
B018JM8PZC
B07JZHG197
B0C1GB48MZ
B0FJLT1WRQ
B0BT15JW21
B0BHYSN95S
B0D9P5DPLC
B0DKH64TB8
B0DS1X3JYF
B0FPVKNF1H
B09HQW89MZ
B0DS2WMR73
B0BFQQLCMK
B000EDUTN6
B094HN6CD5
B0CP975XCT
B0BWN5DQM9
B0FGMN4Y87
B0FYC5FLH2
B0001WGIBW
B09ZY96CQR
B0948SGRS5
B0C7CRQ394
B000OWKEKA
B07T59P71P
B08H51M3LK
B004ALN4L2
B0F8BXW36P
B09ZY7SS2V
B071NQ9G3Q
B0FLWN295M
B0CP43RXYY
B07FQHPPBG
B098DNT3QM
B0CWNWC51V
B0BW5VZ4JK
B0GCHQ17BQ
B0BG12BHTK
B0GF2VFV7B
B0BMG1CBTH
B0FDF4S5Y5
B0G2FPKDDJ
B0948SN64Z
B0DNJG5DS9
B0DS6GLW1N
B0040FB460
B0H1WCW4W3
B08QV7JCF7
B0BT13G7Y9
B0G8Z1NVFK
B0B53F5G86
B0B9FRPSMM
B0FMK2Q1N7
B0F2FWWG73
B0BV6KLWH7
B0CJ9YHCJS
B0GNN82CQT
B0BDTSKGTN
B0CNLGY18H
B0FB9CZ43H
B0002U26QE
B0BYH6C9NV
B004ULYZ5Q
B0FXXDMG59
B0F2FXR99V
B09LMDMZDR
B0DK6VPFQ9
B0BFDQS4FX
B0DZ5735MM
B0CMTN81X8
B0D2X3DTVB
B07DR681BV
B07Q5Z7PD8
B08884RLNN
B0CTHHT5BR
B0FK3BWP4M
B08HZ3YZQK
B0BLNGVYN5
B0DBYJ3QPF
B0DNTJF5WH
B0CF4LCX4X
B0D11LZW8C
B0FJ1PTDNC
B07CXKHLVL
B0CJF5R5DF
B08LVJ8NVV
B09MJ488P6
B09SKYXVNS
B0C2THPH9H
B09QS8H1HY
B0B9ZZ7H6W
B0H5BGS4V8
B00WH2NIM6
B07KRHXLQW
B0GHS43GH6
B0GQ2LMG2T
B099546XDR
B0DN32L229
B0B17839LP
B0D87BRRPL
B0CNYCRXL1
B0CNJ95Q51
B077PCW1LP
B0CNH7VMKK
B0C89V421Z
B0H45NGFQP
B09ZTM8JKW
B0BDTV9YK8
B0948SPHDF
B0F4K44B65
B01F04HQ7K
B0D9GD3BQH
B0DWMZHSFX
B0B74PZFCZ
B0B6HBDV8C
B079YRR9ZM
B09WH4135T
B08NZV5JSD
B0FGMCP6CY
B00UER1SKK
B0DPHJ5672
B07KRDDSQ5
B09C43N5HC
B09416VWBT
B08SBTMM94
B01DPEQB3W
B0BLKRH82B
B09ZS1PHV4
B0C2P28R8L
B0GS9BSVHZ
B07ZFLWPYW
B0DCG8K2WK
B0041U5B7M
B0FYC47YND
B07F7YHHH7
B0CW1Q9PMP
B0C1SRTW9F
B0DJ17147F
B0CR1F14WN
B0CL94PXLS
B09KY4ZZXP
B097GXLR4G
B0F8BW8Q5F
B0FKGNCJ3Q
B0C37CD59K
B0DTT2GKGC
B0DZ6F3TVY
B0DTBXRZDQ
B09WB284C8
B01J92CZCU
B08GK8DD95
B0G1YSGL3W
B0DM1F2673
B0FD8RP1YZ
B0DMJWX3VL
B0BV5LV9WK
B0DR7FSQFT
B0F5WN68CR
B01FVURJBQ
B0BLRNL2S8
B097MH7LDH
B0D2HFX7VD
B0BDTZ5XD4
B0C55HQS5R
B00B6K4VKS
B0D2XLVL5H
B0H1WLGHM8
B01HFWXO1M
B01MXBQMVF
B0DZD8BK2F
B0BQ3PTTSM
B0C4GZ2M36
B0BZZ1MLF8
B0FNCG5FZ8
B0DV5MGJ28
B00KCURZ5Q
B0BMG2RXY8
B0FK5RK5SZ
B0CG57LLWF
B0FQC71FJZ
B09VH3LC1R
B0CCNJ42P6
B0FJQQWZ8T
B07YYJRXQR
B0F6MWCNV6
B0DF7CDWJS
B0FPVXGV6Q
B0CS2TF61S
B0D3PSZ6FP
B0DBVQPVG8
B0D66ZWSBD
B0DYN2Y1RD
B0FLQM432K
B0CG5SLYHF
B0CR17H2D5
B0DR1ZVWG4
B07QXFMLP6
B09P1KBD6K
B0BDTTMRKS
B0FPW1VZ7B
B0B4KQ6NH8
B0DXVSV47X
B0C2P34RHP
B0CBZDZY8B
B0FG2YWT5Z
B07YG94Z1C
B0BJPJTYL7
B0DBVGNYVX
B0C2P26LW2
B0BMFZYSNR
B0BDS1BZ11
B0FD8QZR3L
B002N2NM3U
B0DRC3SVWJ
B0C8JRP3YT
B0DHZVVVC5
B0DP2KJR91
B0BMG2S81L
B0F9P798FZ
B0DCBXBSZK
B0CCQYGLKM
B0BDTXDJZK
B0CF4H1SMJ
B09LVGNWPY
B0FKHPBBWQ
B0BG83YD57
B0F8BX8WSN
B00ASSR020
B0040F5O2A
B07JNP4CK8
B0DNND6K7H
B0F8BVD3B4
B0D4YGHXF3
B0GVDQL359
B0DF7DCN8L
B0BDTV4WC6
B0BT17GXX8
B08CH1ZZ1G
B0FJ1KY5QS
B0DWSV52YQ
B0C1G8SRCG
B0GJR4Y2RX
B0B7J7XQWJ
B0BWM2S3P3
B0F2FTK2KZ
B00ZWB7UBO
B0FYC9BVJG
B0DWX45776
B0BVZLTCVW
B0CLRNJQZH
B072F798DF
B0FTY47B76
B0DR4GX99N
B0DPJ8XLJB
B001VJ0BSK
B01LZQ2PDI
B09BLTRBYS
B0D76HNDZQ
B0F66MPZNK
B0GVDSR9YY
B086T4PB43
B0DV5175WF
B0FNCDYBTY
B084LKVBM5
B000FBYNIO
B0CPSFKB9K
B0FYCXXRGV
B07H72NYKD
B0DZ6JPG4C
B0GY3YFXPD
B0F6BNTZQY
B0GLPR5XBZ
B0FYCNXS7W
B09L7V7HSY
B0C33BGP7B
B0CGKY2N4V
B0F5WQTDYH
B0BDTTTMSX
B002G3Z7PC
B08SJ81G83
B0F17YG75N
B0D6Z8TWXL
B0BDRYXM28
B0CK15F9LP
B0BYVJ4ZT3
B0F6LPTPGG
B0BLNJVG7W
B0CF4N9XNT
B0DBLWVXWZ
B0C2P3MKPK
B005MYWH7I
B0DQ1MDGVH
B0B9GW8FBD
B009A61WDE
B0BY36SP5F
B094F87FY4
B0C8B1KKN1
B07VNGVKGF
B0FNB113PV
B0BJP3JWSG
B0D9CXNPBR
B0FYCBL9CQ
B0BN84YXM2
B0FKZWHR6W
B0BJP4J66S
B0CGKXWJD1
B08H1XM168
B09QG15RG4
B098XPHMB3
B0DGT886VV
B0GSFFHLST
B0FJ1LKF7K
B0B6W5631D
B0CV6N5B3W
B0GXW27Q3B
B0FM8C2M9W
B0DHZ71LBH
B09R1R87FV
B0GTLD9314
B0BZYY882Z
B0DHGJZKWD
B0948STSBH
B0DQXV1RFP
B094HN12Z6
B00M08IU02
B0BDTMLFQW
B000BYB2WA
B0DG56NFBB
B0BDVGN1Z5
B09WDGNHCY
B0BLNH16S6
B09WB223J1
B0041L9WL2
B0D3XJB2QT
B0DG2Y2B5B
B0FG2BC75W
B09QHYRY7F
B0CL6J2SF9
B0DNXCHFH7
B0CXPSP9CD
B0CNH6LC52
B0F8BZ7VQH
B0C2P2PKHJ
B0CP175MVP
B01MDLZHQN
B0DS6GSMVF
B0CPSF47F6
B0G2C8P824
B0CQCWW2SS
B0B6DHN6QW
B0DL56RXJV
B0BDTXMSXY
B0CBS337N6
B0BL6WWBQB
B0CVWXZG4N
B0FF9MQ2P6
B0DBNCFWHX
B0C38NP7MM
B01MZD5LMD
B0FKGGC43D
B0F2FWRQZD
B0CNH7BQWN
B0GF2VCCR2
B0G6KRJ6BN
B0BJVCHXQH
B0030GF2V8
B0BZDRG5PR
B0F82Q7NJ6
B000GBKC38
B0DK9VHH6N
B08XYZJ1J3
B0DDWVHJ37
B0BDS1S9Y9
B0F1Z8MPP6
B0FJ1SD9KH
B0B1JD9MP6
B0BLNJD5R5
B0D4YKVM8V
B0DCS43XX5
B004KZS5GW
B0F4C95PLZ
B07BP5SYXQ
B0CBVRBLHL
B0B68DH38Q
B0GJYNB2KH
B0CD6B6Y73
B09XY43L1P
B09JG8QRZD
B0BT11C5LW
B0DLBCRLRQ
B0BG7YQPLW
B0CVXDNB1Q
B0B4VW1216
B0FNCHJXXJ
B0F547CWVZ
B07YD5F8RR
B0BYVHZLLS
B0F62TN9V3
B08L5WGC9J
B0G6XX4X5M
B09ZY8YZCB
B0CB691CDT
B0C9QQT2SP
B0DS6HBDJR
B09537HXLX
B0F2G3JYSG
B09XV7P17T
B0DDQ6N98F
B0C7CQH7NP
B0DJVHLB7M
B0BFGWJFMY
B086T9LJDV
B07PRWJVK1
B0BNBDPCVR
B0CR17B4KG
B08HZ422GD
B07SQFHBKY
B0G3XD5LX2
B0BMG2BXN6
B0C825N266
B0DS6HFSGJ
B07DLJ9CYY
B0FT2DYHWX
B0BYNKMLVV
B0GC8VX9KT
B0GTLH2L9M
B0GGHTLB77
B0DPG4ZM29
645368768
B0BV6112GC
B0CT5JPWLY
B0DJNV7QK9
B0C2P51DSB
B0BWDT4HQH
B0FHW1N3LX
B0G453BWYP
B09H76SMXP
B0BLBNDLDW
B0CLRLSNPV
B0F88LDTFQ
B09X7DY7Q4
B0FR9GLJ83
B0CR16ZXMY
B0D48X5LT9
B0DDNKGM5N
B07ZT3GY8Z
B0H4RYFMR3
B0C339N8L9
B07QQ8VZ5Q
B0FD8RNWMH
B094HMPD96
B0DFMB3HX5
B09YR39LZ1
B0GGGPHNYK
B09BDBKXFQ
B0GXW12PR2
B0F8VG4S51
B00141D7QS
B0DLT52YKK
B0CG5X8SC2
B0B3MG93SJ
B0DF798Y22
B0CJRZ73BP
B0BLNJR3MJ
B00O2AMHDM
B08BCLTMWX
B0FPW3M55W
B0H1WXWJP1
B09418K5BQ
B0DF7C44G7
B0CQX7MV3C
B0F59VW7NQ
B09MYBRNP7
B0FFSMZZJV
B0DF7FWVRY
B08NNXPJC8
B0BYVHRW1B
B0GL3NW4NY
B0CX8CZK9M
B0FLDTBDQ9
B09QX1KWX5
B09WB1D7J7
B019NYMBTG
B0F5PVMGWR
B0CP44BQ9K
B01EZ0X23W
B0FSRC99F4
B0B125MQFF
B0F5P8J573
B08S2M41VD
B0DF7V667G
B0DDTVKJKN
B0DN1SPDR2
B0D44R1G91
B076T4K6MJ
B0G1KZXV7M
B0F2FSGXYQ
B0CQKK4XNB
B007QFDZ5E
B0BWMP3LW9
B0D89X3GDK
B002MB57UI
B0FS6NTXSS
B09XQZH5NH
B0F8BTM3R5
B0FJF865VC
B0CJJ81L12
B0G44Y16YF
B0C2P1L75T
B0H5BMKBV7
B0DS1QS1TQ
B0040F7BAI
B0F882PJ6J
B0FF48HNSN
B0H6SSWWLM
B0BLNJ1R85
B0FRGLR85Y
B07KRDDHD6
B0BR8DBMPY
B0GC55VP3V
B0BL6Y779Y
B09HXKP1QJ
B0C6N3HF5F
B0CPXN3LQD
B0CMMBZWKC
B078GPQN63
B07YFXK1P2
B0B9J1N7N2
B0C2P27YRD
B0CGX4V7F2
B0C5D19LM3
B0FYCSQSBF
B0GCG7C2DQ
B08H1WBKYP
B0DQWFKNL1
B0F487C9NZ
B0DDSRW8M5
B0GF2G29JW
B0F9XYL845
B0DG55QPTL
B0CS11L7ZR
B0CV6RX2CT
B0BN9RQ89J
B0DZ5QGJXC
B0CBS3PM9Q
B0GSPCWSHB
B0BGQVLNC8
B0081E341O
B0GC5FCXQP
B0BYJ7CG76
B01M2Y92D5
B01MRKJRSI
B0BHYNMB4B
B0DH4W4T5X
B0DMSYK78K
B0C33B2JLC
B002G3PHSE
B0F2989M7K
B0BZH534JS
B0G3PS3RV7
B0CBS18RWQ
B0DKSWQNZ7
B0BHYS6JCS
B07KX315N9
B0CQNTTFKF
B09X7DZ9LG
B0BR8CZG2F
B0F7XHWK51
B0DF7C9CTD
B0FPW525NT
B01M3QXV6Q
B0DRHQCQP1
B07DWBV9PM
B0BH8GPD6N
B0F5P8ZVD1
B01MTQTEA7
B0BYVKDTNC
B0DJFQ4CTG
B0DNNVFPV7
B0BG7WKXR2
B0DNFBKLY4
B0FJ1K16KT
B0DKFCZVC2
B0D2NNRMMC
B0H4M5XXZH
B0C7L672BG
B0D2MMVZMM
B0CBD7DF4J
B0BG83W14Y
B07KX5TM75
B0CLRMFZPZ
B0GJXMSXDZ
B0GCF4GL36
B09ZY9QFJZ
B0DVVVSM7T
B09NQ2DTRV
B0BZH37ZMQ
B0B2JSQ1XH
B0D6W1HSD3
B0D8C6KV1C
B0B7QHCCN8
B0DSD3CCHB
B0BYJ65WPJ
B0FGMC7R3N
B09WH7526L
B0FM7KWJB7
B00LSFXVES
B0D1P5BXDQ
B0CQQMBS2R
B0CLNP5DJL
B0FYCFR5D3
B094HNHFT4
B0BYVK6894
B00LSFXSQE
B08T9XXFRW
B08HVHBDLM
B0CJ8TYTRR
B0FL7679D2
B0G6K5DHH2
B0BT12RW6Y
B0CK6VMH71
B0C1GBMM45
B0BGH6P9MG
B07R39R99Y
B0DLKDS79M
B0F5WPM5WV
B01CZC73VY
B09BZR9JFG
B0H1X52S72
B000CEZTEQ
B07D7VZ8QK
B0CVVMZVXS
B0FY3YXLG7
B0CK6SRF6W
B0CLP4T5L7
B0BJZZXBYY
B0FJ7HW8B1
B002RX1516
B0FF9GF9QB
B0DPJ9SF62
B0FHB8SJHS
B00004S7V7
B0BKGCKTN1
B0F5HW7NPL
B0BHYPX9P6
B0GWMGBCKD
B09LCWRMML
B0F8BXYP8C
B0DS6KBNF9
B0CGL1913S
B09WB1X7N6
B0DM88L8PC
B091DTYFFL
B0BZYYTXJZ
B07KBXPY3R
B0BXWYR2KL
B0BFDJK8H1
B0CPSFNNPZ
B0DXZCSJCX
B0D58NLGSL
B0BR8D83N5
B09S14BJVY
B09NLQ4BD8
B0C7427R2D
B0D83KRTCL
B004TA9GCU
B0D4C7PJVZ
B0DQ8C6FJB
B0D7HN9ZKF
B0CHJHVH4Y
B0FRG57THQ
B0DZHFQ732
B0BZZ3MPZN
B0BZH3Z54G
B09VGTQTDL
B09TDHH3QG
B0C6M5L84V
B0CLRPS8S3
B0BKX3SJ4R
B0B72CWNZS
B07MNZ7C1M
B08JCVFPBV
B09LVH5ZJS
B0H1WY5118
B0DHTYYQNJ
B0FYCMPRR3
B0DW9FR5PV
B0CC4X2JMK
B0DFYNTB6F
B0DWLVCT52
B0G1YDPP8M
B0DKNGZZMN
B0CJRWC97R
B0DF7CJPC2
B0DDKJ8NP3
B0H1WG773G
B07FQD7N4X
B0CX1D6VLG
B0DYD5283D
B003E36V3U
B0C7BQJ4TS
B0CJ92DYBS
B0BZYYTTGN
B0DFPYQMBM
B09Y8LSB1M
B0BW5TKYPP
B0GDWTV24X
B09NW9C7TX
B0F6LW1Y63
B0GL4LKDHY
B0GF2RY731
B0CF3Q6KGZ
B0FMCHSJHB
B0B39N7VYY
B08GH7943R
B0BLNK8BZG
B0BRLB8LLB
B097BGKNXY
B0CK6W6J6H
B0CJ25F69L
B0FPWJL18X
B0BT19G6NS
B08H1XSZNR
B0DR8C3CRR
B09X7DGDQ7
B0DKNTVM73
B08HZ2BMMS
B0DRHPMV2N
B0CGNWTQNT
B0CF2BD45Y
B0FPWCZ1SM
B0D9YMJMQM
B0CNNYMWRR
B0DS6GZR1W
B0D44XCS1F
B0DPF7RD7K
B0C77MKRVB
B0BG86NDV9
B0DR4HRM7D
B0CJQ8PN7P
B08HZ42LCH
B01LZH7BTC
B09LVJ6SNS
B0F99H7NRH
B0CP45V1FF
B0DC6CGZLF
B0DM75TJJ2
B0F5WP1B41
B0DNDXQ6ZP
B0B4WLR8BF
B0F6C23H44
B0FS1MW4L7
B0FZFVSVCB
B0CV6RBLRQ
B07WV766QP
B0GCYTTVM9
B0C39V6B5H
B0751TRS6Y
B0BDTSPPJB
B0F4L67S75
B0GCCTW275
B0DDZRQ6VV
B0BZYX2JKL
B0CNVJRH7H
B0CGZD5BPD
B0DWMFCVYY
B0FGXLX8Q1
B0C7CR2X7Y
B0GSF7G9ZG
B01LZVSE2I
B0BSBDD4C7
B082TRTH2G
B0C5CLJ981
B0CZXSRMMV
B0948QMWSB
B0GHFYPM32
B0F8QVNNJQ
B0C7CRJJBL
B0CW18GLGJ
B0B1Q69RFN
B08WPK48HG
B0C2P3G2T8
B0F1FN626Z
B0CB69MTP9
B0BKLV6FNQ
B0F6XTF3W6
B0C2P3PVXC
B0CJ313S9N
B0C9PY8DXQ
B0C7C2XSG9
B0BLNH2MCR
B0GRMS5Q8P
B09TNNPKJ6
B0D4YKYPPY
B0FT2FBJYJ
B0FYCB138C
B0F9DT98K7
B07KF84JP3
B0GWPZS4C8
B0BYJ5YMQV
B0BYVLBM7P
B0BKG7KQQM
B0FYC3S8MN
B0FZJY1BXP
B0CWTR6N8D
B0D9LQNPJL
B06XC1WGQR
B0D9GQHKRV
B0FPWJJC2H
B0GJQVG58T
B0CFPQSLRW
B0CS34532D
B0D1MLJN3C
B0GF2GMP2T
B0D589R11M
B0G51JWC3K
B0DPJBDSSR
B0FYCCKZD2
B0F8BTJZSN
B0BDRZW1PB
B0H5BRSPGN
B0B5L35MZ7
B0BG2W6BYX
B09B6W6FNQ
B0C7QXXMYR
B0FD8S1L36
B08HYTD2R6
B0FD8SV2JM
B0BN3W3NQX
B0GYYQDJ4M
B09Q8BMXPX
B084YR7DGV
B0GF2CJ3LB
B0F5HY66NT
B09MCRJHQM
B0DKNV964T
B0CLNPHWSV
B0F9Y3Y58G
B0FYCMWPZK
B0G44TVBZM
B0B9L4P9FY
B0BB18LJP1
B0D9HNG3KP
B0GF2L7TBR
B0F1Y9FD7Y
B0DR4L51L1
B09H6J9FT2
B0CJRWF9SH
B0FL73TRCX
B084WWM4JP
B0FYC5VHRV
B098XQ7RJN
B0FNZW6WTG
B0DLT4DVML
B09ZTYSK46
B0GMQMT9BR
B0C2P3RL5V
B00SY23YT0
B0F6PC6Z9V
B0DS28Y7Z3
B0CK6SRBGT
B0DJNVHDX3
B076457N1W
B0D46C15SR
B08HZ3RBJK
B0BFZR9CJR
B0FPVTG752
B0FGXR565T
B0DBZQL6MT
B0BZH51HHP
B09D9VMZXD
B09GVTWNR2
B0FGXM2L9M
B0CK6WMXL1
B0F26MGLNM
B0H6T2GZYB
B0F2ZDYNZT
B0CSJR4GTX
B0BZZ18X9G
B0CP7HBS8F
B0BDTWM47G
B0F82WZZ77
B0FBPWYPG2
B0CT5LS728
B08HGKD48Q
B0DPJ8TFG4
B07YQPGS63
B0H6SVDK6G
B0CHDY4T9P
B0F8BWC6SN
B0BFZT43T4
B0DK9VRRL9
B08DVF9PJP
B07DW712FK
B0F2G5F8QX
B0F21ZRSHF
B001QFIL90
B0DLB2RGRY
B0DTYZSMRJ
B0CLTSMQ29
B09ZY7SPZH
B09MCSDH1Q
B08R6ZGPFM
B0H1C6JBVX
B08K966898
B09WB1F26M
B0DR4HY3FD
B0DR7FJJKF
B0DV6J1Q2Y
B002VED4Q0
B0DXCCNVH5
B0FNCGYN2C
B0DK1GZPT3
B0F5WN79YS
B07XY28FZG
B08H1XFVJF
B0BT17H8D5
B081CCSC3V
B07KRJGTZR
B0D5FYQ49Z
B0GWJ24D67
B0BB16QWD2
B0CJCN5T95
B0D3585RXM
B0CS6NH43Q
B0BYJ68STM
B0FL1SFSKC
B0FM4J1YKQ
B018JM8NQS
B07Q85DX85
B07NPN515G
B0GS4H3VJ8
B0G5DSZMHT
B0C6SQCR46
B0FLCXXLVR
B0FN3H3J4H
B001MSBDSW
B0FXVSZKHX
B08R5Q1PW1
B0BDTT7P1G
B0C4DYWNQ7
B0CP16NZ94
B0FYC99Z2F
B0DPXZX7ZW
B088T7VYSV
B0C89V6FZR
B08WQ4H3FG
B007N9C4M8
B0FMNCNTXR
B071RVTRJC
B0FL6JSGGY
B0D5Q31R5X
B01JO4MV04
B0BCXGC9SY
B0C2P4KFX9
B0948S811W
B0CJD762WD
B0BXSPVSV2
B002G38WLI
B0FNCK648H
B09V7BFQV4
B0F5488YQC
B0CLTS42XH
B09WGZH14C
B0CJBYFVHZ
B0CBS2D8FK
B0BQLRY452
B0F53Y5ZFX
B0FRDZLRB1
B0B88HVF3Y
B09VKMH6V8
B0FR9M7GSQ
B09Y8MH597
B000YDIXDO
B0B9J1FV78
B0DHH2BH5V
B0BN5SX7KG
B0FS17PGHC
B0CQC295CZ
B0FYC61KMZ
B0FJFHMQPR
B09FL8F5L6
B0FGXLRTNW
B00DQE6E7K
B0CM8TD7FZ
B0FXMM4BYP
B0C2P4669X
B0G6WYPDLK
B0BR8D5HK8
B0FRN3P75P
B0DBJ83VGY
B0C89T2SMS
B0F8BWGLHF
B0F9Y1GLPG
B0FGXMPZNJ
B0CBS25965
B0DZ5ZX68B
B0CWNWSZ3W
B0GF32WJFK
B0BK8BVT22
B07WDWC9JL
B0CGZ9HNRH
B0FWGDVMVB
B094185P6N
B01LFRBHOO
B0C2P387PQ
B0DR7FCCWZ
B0FNCGYY6Q
B0C3672Y4Y
B0DS2962MW
B0H6STY51G
B0B6HTCXKF
B0CW5C8BNS
B0DBLPPK6G
B0GCZT8SQG
B0DPYSNSG3
B0F83RB2YW
B0F1CTJZ2H
B09WH5GZK3
B0GRS67Y5J
B091TNCLXY
B0DM75M7XX
B0GK977FN9
B0C2HQMFPR
B0DNVMR225
B09J8VPBDF
B0C7D26Y1S
B0C6F2XGGF
B0BLNJ2DFP
B0BDTW7W6W
B09QRWDKFP
B0BMFZ2HM2
B010EF594W
B0C2P3CCXL
B0FNCJQYT2
B096VMGC5Z
B0C2P3CLB1
B0F8VGS5FV
B0BJP5FPYV
B003KHJO6G
B0CBS5MSXG
B0BSQX1FB8
B0BXSQ9MHW
B0CCSSVZBY
B0DHV4BZKF
B09C6B4ZJB
B0BFHSWL3P
B09YH8FLFV
B0CNJQYWRT
B07XY2NHCR
B0743QGSWC
B0FGXLPJ3T
B0DZ5SPV67
B0CJ8ZLJZR
B0CDNYP713
B0BG7TNZ8P
B0FH1BYQYD
B0F88HYXD5
B0DDBSWNNL
B08WPZ541D
B00ZC54WA2
B0BJP6239M
B0CR49V91Y
B00028ZLX6
B07K1QPQSZ
B0G29T8W8F
B0BR8CY5M7
B0D94884BC
B0D9P4V29X
B07W8WH573
B0D9CX22MC
B0CK6TSMVQ
B0FDH2VVGT
B0DR4HBM43
B01IWUSDYY
B0BZDSM5P6
B0FX26XGPP
B0DS6HCHP9
B0DPJBFPHL
B017CTJ3XQ
B0BYJ5D642
B07R4PYPDB
B07M87X3NP
B0FDX18L98
B01JO4MS0M
B0F92RJK23
B09Y83MPR5
B0016AJCU2
B0FGXLFKW3
B0H7BK278R
B0FYD8SVLF
B09ZY9V6KV
B089QQGRN5
B0GVDQPT8X
B0D7VYGN8P
B0D984592G
B07YSSK9LW
B0FYCBTZS5
B0C2P27532
B0C2P21MS2
B0FYC2Y9V9
B002G3LVDO
B096VMTB46
B088LXPG8H
B002ZLNHA2
B07KX3MLRC
B0B6DH5VND
B0DF7C3YDC
B0B3M7XMPW
B0831MG3CM
B07DTZN7WJ
B098XQP29Q
B0GF2VKTHC
B081C9DP69
B0G7SB73BK
B098XQD1ZZ
B07JZJYTND
B0948SJRDP
B0CT8129FT
B0GNM6LW16
B0FPVBTL65
B0D9CXT8PM
B0H5BMDT9M
B0DZXLJR7N
B0B3MS48X3
B0F88JPHMD
B07K44FK33
B0DB6KKXQK
B0DTTFDLVK
B0BHVNW2JV
B09VG87SKL
B0CY521VM4
B0BL755FGH
B0F18211YY
B0FD8S6TQ9
B0BYH5ZZYM
B08B8VF26Q
B0CZDMCF9P
B08NJJWNQW
B0CNZQ8Z9N
B0F5HTL996
B00SENQIVA
B0BT1188S4
B0CPXN7JMS
B07SM279TK
B0BYJ68YH1
B0CR3JJJTS
B0CCNJ81HW
B0DHSBZML6
B0F88JDN69
B0CDXZ3JX3
B0C6F5WBZG
B096VK8QXQ
B0BG2BNXGN
B0C2P1JW8L
B0CQZT52DZ
B0CR17FQ5J
B0BL6Z7Y41
B0FPVRNWHJ
B0FNCJ8Y7V
B0DDPZCWFW
B0FYC5JHZK
B0DLBD1N16
B0CFY3JM7D
B09F5XCD6Q
B0DG55XXTV
B0F58YWTMF
B0BTXZ66XD
B0FNCH971X
B07KX4H1NF
B0FMQ4QH3L
B0FSY32YWL
B0BYJ6X9BF
B0F8BX3WD5
B0777J7QRR
B0FYC4NRHD
B0CQCWWCXV
B0CY546QGV
B0BDRZPLWG
B0BYJ3ZKC6
B0BNNGMZC7
B0C8BW8LMZ
B0CRN7XHG6
B0DSJTHBJF
B0D62PL7ZM
B0DF7BMCP5
B0917C72SH
B0D1GT2R9N
B0040F7B7Q
B0GTLKC8JQ
B01EIA90PI
B0BXMX7ZZR
B0BMXFH7CK
B0BTM2GDWP
B0C91RP51F
B07K38SFKR
B0DV789MSM
B0FKMYDSCB
B09Y81YZC8
B09Y8JPKV2
B0BPGP93NY
B0BZDRKTPP
B0D959DV1P
B09SYXT9VN
B0DR814JMK
B0GF249LCC
B0C2P2XNZ2
B00OKS5058
B0DF7DL3HL
B0C339Q4X5
B0CK6W1F6X
B0C7BR1DXN
B0F5HWV1ND
B0B4S2WT4F
B0D9HRXV9J
B00104GWA2
B08PB83TLH
B09SKL21QH
B0BJNHL41T
B0CGNT6V2Q
B0GL2C1D4Z
B0F8BWJNXK
B0CK3LFDWF
B0BMPZVYWX
B0BT1BRZ31
B0FD8RF1QZ
B0BZYYXQJ9
B08PTZLDMW
B0DK6W6TL6
B0BDTXKGGS
B09WB1D8G6
B01N411BO0
B0D6Z8G9BC
B07RPLR7KM
B0C2P4P56V
B01962MW2G
B0BJNSLDFP
B0DJ7P6PMM
B0FPR44VJS
B0G3JT8QD2
B0DQBKGPYS
B0H1WN4YXD
B0FFSLB4M4
B0DRHR96RC
B0FVZ4CVPT
B0DJ7NYY5Y
B0D6Z6WYQ9
B0FGXLNDBX
B0FGQTHRVL
B0GCHZF123
B06XPBTPJ1
B0CK26ZH8W
B0D4YGYQNT
B07KX4DJ6F
B0FYC4SBNL
B0973N7JS8
B0D9JQWZLZ
B0D5QR3Z1S
B0DQCXP341
B0B976C9K5
B0FL7482JJ
B071GFC9RN
B0CXHKXJ63
B0DDGXLJWK
B0FYCNRSDD
B094V7T2TJ
B0CYCC4Q6J
B0GWN5H7Q8
B0DRC6Y5DM
B0FXM6QGQB
B0F6NX7ZJ9
B09Z6K54Y9
B0C2P56WCN
B09QT1S81N
B0D8J31ZT5
B0D9LRZC72
B01LLFAMFU
B079FXXMPJ
B07X3TLXN7
B0DT266N77
B09SL2PNY1
B0DP6QLRHT
B0C7CJ2J16
B0BV23DFTD
B0DSV6SH67
B0924921MP
B01N6HEMQZ
B0CK6W47VB
B01MYMW5ZS
B0DQTF1G3Z
B0C3DCCLM9
B0CZHPTZKL
B0CHHXW7D9
B0DS6GYJP8
B0GTLG7R6M
B0DT99RJQQ
B0G19JL48S
B0FL1P6D2P
B07YF9Z8C4
B004DQXTTG
B0CNVRZKYQ
B0002J23V8
B0DHYPNWMZ
B08JPNBJBZ
B0BYVLDJMB
B0DJP671ZN
B0CCNVC3CP
B0DTSGJV3Y
B0CT5QRM8P
B098XQMVP2
B0CJRYXLWP
B09ZY7M8P5
B09Y8KTT8N
B0B4SV2MDF
B098M429ST
B0FMD1M4HL
B0BDTTK19V
B08QVLH26Q
B09YH8G9PC
B0F8BX218F
B0G19M264F
B0DN5X1MX2
B0C8M36YXM
B0H1WK4GDB
B07PGVF4SJ
B0BMZW8XFW
B0BWJW25K1
B08CZC7HHV
B0076VLVXG
B0FJ1JTF82
B08WPWHL5S
B0F4WHK3YB
B0DDGW5W73
B09CPBHZVS
B000CEZTGO
B0CTLQ4S89
B0C33N1161
B0BMG4XYM8
B0F2FSVNDV
B0BYJ7DVG6
B0D2CVBCHQ
B0CQKPL332
B0BY1HCWDK
B002KDN9AI
B0CNT9DKYV
B0CH9FD5HQ
B0BKGCBDPZ
B0B6H9PHVR
B07R2CH5GF
B0F5WS9ZZC
B0GCYJJC3J
B0G44RB93Y
B0DF7C2LJM
B0BGHRD9F6
B09TWHQNXG
B0BMFZQB4L
B0B2JPB7QK
B0BZRBG8G8
B0F8BZG9MH
B0DS2YDXY1
B09QRNY6X5
B0FX4JT571
B07Y1DP9QY
B0G2RJ34LQ
B07QM5RB12
B0BWRCLMQY
B07G9R8PQP
B0C2P3J5WD
B0GC4SYJ9B
B0D8VM3793
B0BB3196HJ
B0FR8Y3914
B0CQCWZRHN
B0D8P552TL
B0H1WCJQJP
B08S36H9SZ
B0BBG6C45D
B0FPVQND1T
B00LSFY1XS
B0D89SCY6L
B0D455YRHP
B094Y72Z4K
B0DTJB6347
B0BXDQFRNK
B0BJK3VD4C
B0F8BXYP89
B0DZ54PG4K
B01MRKJV76